{
    "pa_3-4-sleeve": {
        "profile_num": 2.1339835302280985,
        "num_of_instances": 8
    },
    "pa_3-dimensional": {
        "profile_num": 0.7862127634730902,
        "num_of_instances": 2
    },
    "pa_Intarsia": {
        "profile_num": 2.1351044513592896,
        "num_of_instances": 7
    },
    "pa_Shetland": {
        "profile_num": 0.7282378854318489,
        "num_of_instances": 3
    },
    "pa_adult": {
        "profile_num": 32.291959415398274,
        "num_of_instances": 107
    },
    "pa_afterthought-pocket": {
        "profile_num": 0.23570226039551587,
        "num_of_instances": 1
    },
    "pa_aline": {
        "profile_num": 1.7351376052018874,
        "num_of_instances": 6
    },
    "pa_amigurumi": {
        "profile_num": 0.3779644730092272,
        "num_of_instances": 1
    },
    "pa_appliqued": {
        "profile_num": 0.6255432421712244,
        "num_of_instances": 1
    },
    "pa_asymmetric": {
        "profile_num": 1.5612385803482762,
        "num_of_instances": 3
    },
    "pa_baby": {
        "profile_num": 0.7588652023420791,
        "num_of_instances": 3
    },
    "pa_ballet-neck": {
        "profile_num": 1.098657873368571,
        "num_of_instances": 5
    },
    "pa_beads": {
        "profile_num": 1.3363062095621219,
        "num_of_instances": 3
    },
    "pa_bias": {
        "profile_num": 0.6976336241065542,
        "num_of_instances": 3
    },
    "pa_boat-neck": {
        "profile_num": 2.0542766887114667,
        "num_of_instances": 9
    },
    "pa_bobble-or-popcorn": {
        "profile_num": 0.2672612419124244,
        "num_of_instances": 1
    },
    "pa_bottom-up": {
        "profile_num": 15.221267003113722,
        "num_of_instances": 52
    },
    "pa_bracelet-sleeve": {
        "profile_num": 0.8729158626938447,
        "num_of_instances": 4
    },
    "pa_brioche-tuck": {
        "profile_num": 3.337717184833733,
        "num_of_instances": 9
    },
    "pa_buttoned": {
        "profile_num": 0.4661424227863119,
        "num_of_instances": 2
    },
    "pa_buttonholes": {
        "profile_num": 0.22360679774997896,
        "num_of_instances": 1
    },
    "pa_cables": {
        "profile_num": 3.219698708363498,
        "num_of_instances": 11
    },
    "pa_cap-sleeve": {
        "profile_num": 1.7896939045459144,
        "num_of_instances": 6
    },
    "pa_chart": {
        "profile_num": 24.886736962869232,
        "num_of_instances": 77
    },
    "pa_child": {
        "profile_num": 2.649273912008559,
        "num_of_instances": 6
    },
    "pa_circle-shaped": {
        "profile_num": 0.5547001962252291,
        "num_of_instances": 2
    },
    "pa_circular-yoke": {
        "profile_num": 10.75007234500153,
        "num_of_instances": 40
    },
    "pa_collar": {
        "profile_num": 1.1296518609910604,
        "num_of_instances": 3
    },
    "pa_contiguous": {
        "profile_num": 0.8491500399212033,
        "num_of_instances": 2
    },
    "pa_corrugated-ribbing": {
        "profile_num": 0.7282378854318489,
        "num_of_instances": 3
    },
    "pa_crescent-shape": {
        "profile_num": 4.32729204214586,
        "num_of_instances": 11
    },
    "pa_crew-neck": {
        "profile_num": 7.2515146730224185,
        "num_of_instances": 26
    },
    "pa_cropped": {
        "profile_num": 3.1028986035220476,
        "num_of_instances": 14
    },
    "pa_cuffed-sleeve": {
        "profile_num": 1.7724499513373169,
        "num_of_instances": 6
    },
    "pa_danish": {
        "profile_num": 0.19245008972987526,
        "num_of_instances": 1
    },
    "pa_dolman-sleeve": {
        "profile_num": 0.7517205708844794,
        "num_of_instances": 3
    },
    "pa_doubleknit": {
        "profile_num": 0.25,
        "num_of_instances": 1
    },
    "pa_drop-sleeve": {
        "profile_num": 1.1749956864046742,
        "num_of_instances": 5
    },
    "pa_dropped-stitches": {
        "profile_num": 1.3111532028407118,
        "num_of_instances": 4
    },
    "pa_elbow-sleeve": {
        "profile_num": 0.9208502269358976,
        "num_of_instances": 4
    },
    "pa_embroidery": {
        "profile_num": 0.2672612419124244,
        "num_of_instances": 1
    },
    "pa_estonian": {
        "profile_num": 0.21320071635561041,
        "num_of_instances": 1
    },
    "pa_eyelets": {
        "profile_num": 5.5075466915545395,
        "num_of_instances": 17
    },
    "pa_fairisle": {
        "profile_num": 0.6329236492437734,
        "num_of_instances": 3
    },
    "pa_female": {
        "profile_num": 21.12517426781306,
        "num_of_instances": 71
    },
    "pa_fitted": {
        "profile_num": 8.03557882140951,
        "num_of_instances": 29
    },
    "pa_flutter-sleeve": {
        "profile_num": 0.45431502488534514,
        "num_of_instances": 2
    },
    "pa_front-fastening": {
        "profile_num": 0.20851441405707477,
        "num_of_instances": 1
    },
    "pa_funnel-neck": {
        "profile_num": 0.4651179942660776,
        "num_of_instances": 2
    },
    "pa_gathers": {
        "profile_num": 0.20851441405707477,
        "num_of_instances": 1
    },
    "pa_gusset": {
        "profile_num": 1.706317759470564,
        "num_of_instances": 2
    },
    "pa_halfcircle-shape": {
        "profile_num": 1.6358413819655724,
        "num_of_instances": 3
    },
    "pa_hems": {
        "profile_num": 0.45302253162054074,
        "num_of_instances": 2
    },
    "pa_hidden-pocket": {
        "profile_num": 0.23570226039551587,
        "num_of_instances": 1
    },
    "pa_icelandic": {
        "profile_num": 1.9575756318033717,
        "num_of_instances": 8
    },
    "pa_icord": {
        "profile_num": 2.969815390957396,
        "num_of_instances": 9
    },
    "pa_icord-edging": {
        "profile_num": 2.043258466572132,
        "num_of_instances": 5
    },
    "pa_in-the-round": {
        "profile_num": 26.06844046495491,
        "num_of_instances": 85
    },
    "pa_kitchener": {
        "profile_num": 3.9490863273584162,
        "num_of_instances": 14
    },
    "pa_lace": {
        "profile_num": 12.214635003073955,
        "num_of_instances": 32
    },
    "pa_lace-edging": {
        "profile_num": 0.8208868497528694,
        "num_of_instances": 2
    },
    "pa_long-sleeve": {
        "profile_num": 6.7755454743956784,
        "num_of_instances": 25
    },
    "pa_male": {
        "profile_num": 4.1788016328942055,
        "num_of_instances": 13
    },
    "pa_mature": {
        "profile_num": 0.3779644730092272,
        "num_of_instances": 1
    },
    "pa_mesh": {
        "profile_num": 1.5433065850688679,
        "num_of_instances": 5
    },
    "pa_modified-drop-sleeve": {
        "profile_num": 0.23570226039551587,
        "num_of_instances": 1
    },
    "pa_modular": {
        "profile_num": 2.485751255586887,
        "num_of_instances": 8
    },
    "pa_mosaic": {
        "profile_num": 0.24253562503633297,
        "num_of_instances": 1
    },
    "pa_negative-ease": {
        "profile_num": 4.9547440719410565,
        "num_of_instances": 15
    },
    "pa_no-ease": {
        "profile_num": 4.077407428669099,
        "num_of_instances": 12
    },
    "pa_norwegian": {
        "profile_num": 1.3839497676038526,
        "num_of_instances": 3
    },
    "pa_one-piece": {
        "profile_num": 20.080460409273968,
        "num_of_instances": 68
    },
    "pa_other-colorwork": {
        "profile_num": 3.6777444841956366,
        "num_of_instances": 13
    },
    "pa_other-edging": {
        "profile_num": 1.2460475759339162,
        "num_of_instances": 3
    },
    "pa_oversized": {
        "profile_num": 2.9032501461892037,
        "num_of_instances": 13
    },
    "pa_pattern-recipe": {
        "profile_num": 0.7183112810058321,
        "num_of_instances": 3
    },
    "pa_petite": {
        "profile_num": 2.3361014031805363,
        "num_of_instances": 11
    },
    "pa_phototutorial": {
        "profile_num": 3.2816523321333824,