{"pa_3-4-sleeve": {"profile_num": 0.014563122908539266, "num_of_instances": 9}, "pa_3-dimensional": {"profile_num": 0.004913829771706814, "num_of_instances": 2}, "pa_Intarsia": {"profile_num": 0.01334440282099556, "num_of_instances": 7}, "pa_Shetland": {"profile_num": 0.004551486783949055, "num_of_instances": 3}, "pa_adult": {"profile_num": 0.2066533320854016, "num_of_instances": 111}, "pa_afterthought-pocket": {"profile_num": 0.0014731391274719742, "num_of_instances": 1}, "pa_aline": {"profile_num": 0.010844610032511798, "num_of_instances": 6}, "pa_amigurumi": {"profile_num": 0.00236227795630767, "num_of_instances": 1}, "pa_appliqued": {"profile_num": 0.0039096452635701525, "num_of_instances": 1}, "pa_asymmetric": {"profile_num": 0.009757741127176726, "num_of_instances": 3}, "pa_baby": {"profile_num": 0.004742907514637995, "num_of_instances": 3}, "pa_ballet-neck": {"profile_num": 0.006866611708553567, "num_of_instances": 5}, "pa_beads": {"profile_num": 0.008351913809763262, "num_of_instances": 3}, "pa_bias": {"profile_num": 0.004360210150665964, "num_of_instances": 3}, "pa_boat-neck": {"profile_num": 0.01283922930444667, "num_of_instances": 9}, "pa_bobble-or-popcorn": {"profile_num": 0.003002887239175218, "num_of_instances": 2}, "pa_bottom-up": {"profile_num": 0.09800167706436001, "num_of_instances": 55}, "pa_bracelet-sleeve": {"profile_num": 0.005455724141836529, "num_of_instances": 4}, "pa_brioche-tuck": {"profile_num": 0.02086073240521083, "num_of_instances": 9}, "pa_buttoned": {"profile_num": 0.0029133901424144492, "num_of_instances": 2}, "pa_buttonholes": {"profile_num": 0.0027300469631599336, "num_of_instances": 2}, "pa_cables": {"profile_num": 0.020152406316637707, "num_of_instances": 12}, "pa_cap-sleeve": {"profile_num": 0.011185586903411964, "num_of_instances": 6}, "pa_chart": {"profile_num": 0.15693525722127352, "num_of_instances": 79}, "pa_child": {"profile_num": 0.016557961950053494, "num_of_instances": 6}, "pa_circle-shaped": {"profile_num": 0.005080619287327439, "num_of_instances": 3}, "pa_circular-yoke": {"profile_num": 0.0672485988823778, "num_of_instances": 41}, "pa_collar": {"profile_num": 0.007060324131194127, "num_of_instances": 3}, "pa_contiguous": {"profile_num": 0.005307187749507521, "num_of_instances": 2}, "pa_corrugated-ribbing": {"profile_num": 0.004551486783949055, "num_of_instances": 3}, "pa_crescent-shape": {"profile_num": 0.02704557526341163, "num_of_instances": 11}, "pa_crew-neck": {"profile_num": 0.0440187516185334, "num_of_instances": 26}, "pa_cropped": {"profile_num": 0.02061884211662645, "num_of_instances": 15}, "pa_cuffed-sleeve": {"profile_num": 0.01107781219585823, "num_of_instances": 6}, "pa_danish": {"profile_num": 0.0012028130608117203, "num_of_instances": 1}, "pa_dolman-sleeve": {"profile_num": 0.0046982535680279965, "num_of_instances": 3}, "pa_doubleknit": {"profile_num": 0.0015625, "num_of_instances": 1}, "pa_drop-sleeve": {"profile_num": 0.009901953361865428, "num_of_instances": 7}, "pa_dropped-stitches": {"profile_num": 0.00819470751775445, "num_of_instances": 4}, "pa_elbow-sleeve": {"profile_num": 0.00575531391834936, "num_of_instances": 4}, "pa_embroidery": {"profile_num": 0.0016703827619526524, "num_of_instances": 1}, "pa_estonian": {"profile_num": 0.001332504477222565, "num_of_instances": 1}, "pa_eyelets": {"profile_num": 0.03736841436035819, "num_of_instances": 19}, "pa_fairisle": {"profile_num": 0.003955772807773584, "num_of_instances": 3}, "pa_female": {"profile_num": 0.1332873544078111, "num_of_instances": 73}, "pa_fitted": {"profile_num": 0.04891915254595273, "num_of_instances": 29}, "pa_flutter-sleeve": {"profile_num": 0.0028394689055334073, "num_of_instances": 2}, "pa_front-fastening": {"profile_num": 0.0013032150878567173, "num_of_instances": 1}, "pa_funnel-neck": {"profile_num": 0.0029069874641629847, "num_of_instances": 2}, "pa_gathers": {"profile_num": 0.0013032150878567173, "num_of_instances": 1}, "pa_gusset": {"profile_num": 0.010664485996691026, "num_of_instances": 2}, "pa_halfcircle-shape": {"profile_num": 0.010224008637284827, "num_of_instances": 3}, "pa_hems": {"profile_num": 0.0028313908226283795, "num_of_instances": 2}, "pa_hidden-pocket": {"profile_num": 0.0014731391274719742, "num_of_instances": 1}, "pa_icelandic": {"profile_num": 0.012234847698771072, "num_of_instances": 8}, "pa_icord": {"profile_num": 0.02017508925440348, "num_of_instances": 10}, "pa_icord-edging": {"profile_num": 0.012770365416075824, "num_of_instances": 5}, "pa_in-the-round": {"profile_num": 0.16937008170605036, "num_of_instances": 90}, "pa_kitchener": {"profile_num": 0.024681789545990103, "num_of_instances": 14}, "pa_lace": {"profile_num": 0.07928771630735455, "num_of_instances": 34}, "pa_lace-edging": {"profile_num": 0.005130542810955434, "num_of_instances": 2}, "pa_long-sleeve": {"profile_num": 0.044966036262927445, "num_of_instances": 28}, "pa_male": {"profile_num": 0.026117510205588786, "num_of_instances": 13}, "pa_mature": {"profile_num": 0.00236227795630767, "num_of_instances": 1}, "pa_mesh": {"profile_num": 0.011259409217600182, "num_of_instances": 6}, "pa_modified-drop-sleeve": {"profile_num": 0.0014731391274719742, "num_of_instances": 1}, "pa_modular": {"profile_num": 0.01553594534741804, "num_of_instances": 8}, "pa_mosaic": {"profile_num": 0.001515847656477081, "num_of_instances": 1}, "pa_negative-ease": {"profile_num": 0.02966393536177489, "num_of_instances": 15}, "pa_no-ease": {"profile_num": 0.024180581341325152, "num_of_instances": 12}, "pa_norwegian": {"profile_num": 0.008649686047524079, "num_of_instances": 3}, "pa_one-piece": {"profile_num": 0.12840299318961396, "num_of_instances": 71}, "pa_other-colorwork": {"profile_num": 0.022985903026222727, "num_of_instances": 13}, "pa_other-edging": {"profile_num": 0.00648458226173026, "num_of_instances": 3}, "pa_oversized": {"profile_num": 0.020734901072271127, "num_of_instances": 15}, "pa_pattern-recipe": {"profile_num": 0.006103188567206208, "num_of_instances": 4}, "pa_petite": {"profile_num": 0.014600633769878352, "num_of_instances": 11}, "pa_phototutorial": {"profile_num": 0.02051032707583364, "num_of_instances": 12}, "pa_picots": {"profile_num": 0.01086829480429032, "num_of_instances": 5}, "pa_placeholder": {"profile_num": 0.0012257258446136503, "num_of_instances": 1}, "pa_plus": {"profile_num": 0.03999923670352584, "num_of_instances": 27}, "pa_positive-ease": {"profile_num": 0.07073712856061887, "num_of_instances": 47}, "pa_provisional": {"profile_num": 0.014631825067657594, "num_of_instances": 9}, "pa_puffed-sleeve": {"profile_num": 0.004108858692551257, "num_of_instances": 3}, "pa_racerback": {"profile_num": 0.005389827723098716, "num_of_instances": 2}, "pa_raglan-sleeve": {"profile_num": 0.0169254192395761, "num_of_instances": 10}, "pa_rectangle": {"profile_num": 0.0012257258446136503, "num_of_instances": 1}, "pa_reversible": {"profile_num": 0.024019654454515548, "num_of_instances": 11}, "pa_ribbed": {"profile_num": 0.04268413354360167, "num_of_instances": 28}, "pa_ripple": {"profile_num": 0.002741573501090731, "num_of_instances": 2}, "pa_rolled": {"profile_num": 0.001433848336691011, "num_of_instances": 1}, "pa_saddle-shoulder": {"profile_num": 0.0029600424859373684, "num_of_instances": 2}, "pa_schematic": {"profile_num": 0.09896718387224064, "num_of_instances": 63}, "pa_scoop-neck": {"profile_num": 0.015687114618250512, "num_of_instances": 9}, "pa_seamed": {"profile_num": 0.0349909466949568, "num_of_instances": 21}, "pa_seamless": {"profile_num": 0.1885556458542248, "num_of_instances": 98}, "pa_selvedge": {"profile_num": 0.005884592339057694, "num_of_instances": 4}, "pa_set-in-pocket": {"profile_num": 0.0014731391274719742, "num_of_instances": 1}, "pa_set-in-sleeve": {"profile_num": 0.011239467848373205, "num_of_instances": 6}, "pa_short-rows": {"profile_num": 0.06522809946515831, "num_of_instances": 36}, "pa_short-sleeve": {"profile_num": 0.024463093663362172, "num_of_instances": 16}, "pa_sideways": {"profile_num": 0.007828725917346888,