{
    "pa_3-4-sleeve": 1.9415334404982234,
    "pa_3-dimensional": 0.7862127634730902,
    "pa_Intarsia": 2.1351044513592896,
    "pa_Shetland": 0.7282378854318489,
    "pa_adult": 32.0995093256684,
    "pa_afterthought-pocket": 0.23570226039551587,
    "pa_aline": 1.7351376052018874,
    "pa_amigurumi": 0.3779644730092272,
    "pa_appliqued": 0.6255432421712244,
    "pa_asymmetric": 1.5612385803482762,
    "pa_baby": 0.7588652023420791,
    "pa_ballet-neck": 1.098657873368571,
    "pa_beads": 1.3363062095621219,
    "pa_bias": 0.6976336241065542,
    "pa_boat-neck": 2.0542766887114667,
    "pa_bobble-or-popcorn": 0.2672612419124244,
    "pa_bottom-up": 15.221267003113722,
    "pa_bracelet-sleeve": 0.8729158626938447,
    "pa_brioche-tuck": 3.337717184833733,
    "pa_buttoned": 0.4661424227863119,
    "pa_buttonholes": 0.22360679774997896,
    "pa_cables": 3.219698708363498,
    "pa_cap-sleeve": 1.7896939045459144,
    "pa_chart": 24.886736962869232,
    "pa_child": 2.649273912008559,
    "pa_circle-shaped": 0.5547001962252291,
    "pa_circular-yoke": 10.557622255271657,
    "pa_collar": 1.1296518609910604,
    "pa_contiguous": 0.8491500399212033,
    "pa_corrugated-ribbing": 0.7282378854318489,
    "pa_crescent-shape": 4.32729204214586,
    "pa_crew-neck": 7.059064583292544,
    "pa_cropped": 3.1028986035220476,
    "pa_cuffed-sleeve": 1.5799998616074418,
    "pa_danish": 0.19245008972987526,
    "pa_dolman-sleeve": 0.7517205708844794,
    "pa_doubleknit": 0.25,
    "pa_drop-sleeve": 1.1749956864046742,
    "pa_dropped-stitches": 1.3111532028407118,
    "pa_elbow-sleeve": 0.9208502269358976,
    "pa_embroidery": 0.2672612419124244,
    "pa_estonian": 0.21320071635561041,
    "pa_eyelets": 5.5075466915545395,
    "pa_fairisle": 0.6329236492437734,
    "pa_female": 21.12517426781306,
    "pa_fitted": 8.03557882140951,
    "pa_flutter-sleeve": 0.45431502488534514,
    "pa_front-fastening": 0.20851441405707477,
    "pa_funnel-neck": 0.4651179942660776,
    "pa_gathers": 0.20851441405707477,
    "pa_gusset": 1.706317759470564,
    "pa_halfcircle-shape": 1.6358413819655724,
    "pa_hems": 0.45302253162054074,
    "pa_hidden-pocket": 0.23570226039551587,
    "pa_icelandic": 1.9575756318033717,
    "pa_icord": 2.969815390957396,
    "pa_icord-edging": 2.043258466572132,
    "pa_in-the-round": 25.875990375225037,
    "pa_kitchener": 3.9490863273584162,
    "pa_lace": 12.214635003073955,
    "pa_lace-edging": 0.8208868497528694,
    "pa_long-sleeve": 6.583095384665803,
    "pa_male": 4.1788016328942055,
    "pa_mature": 0.3779644730092272,
    "pa_mesh": 1.5433065850688679,
    "pa_modified-drop-sleeve": 0.23570226039551587,
    "pa_modular": 2.485751255586887,
    "pa_mosaic": 0.24253562503633297,
    "pa_negative-ease": 4.9547440719410565,
    "pa_no-ease": 4.077407428669099,
    "pa_norwegian": 1.3839497676038526,
    "pa_one-piece": 19.88801031954409,
    "pa_other-colorwork": 3.6777444841956366,
    "pa_other-edging": 1.2460475759339162,
    "pa_oversized": 2.9032501461892037,
    "pa_pattern-recipe": 0.7183112810058321,
    "pa_petite": 2.143651313450661,
    "pa_phototutorial": 3.2816523321333824,
    "pa_picots": 1.7389271686864514,
    "pa_placeholder": 0.19611613513818404,
    "pa_plus": 5.989209892598266,
    "pa_positive-ease": 10.711156454594967,
    "pa_provisional": 2.341092010825215,
    "pa_puffed-sleeve": 0.657417390808201,
    "pa_racerback": 0.8623724356957946,
    "pa_raglan-sleeve": 2.7080670783321756,
    "pa_reversible": 3.843144712722488,
    "pa_ribbed": 6.414107084711864,
    "pa_ripple": 0.24253562503633297,
    "pa_rolled": 0.22941573387056174,
    "pa_saddle-shoulder": 0.47360679774997894,
    "pa_schematic": 15.424081439592635,
    "pa_scoop-neck": 2.0992703589542137,
    "pa_seamed": 5.189234619699294,
    "pa_seamless": 29.770633635628993,
    "pa_selvedge": 0.941534774249231,
    "pa_set-in-pocket": 0.23570226039551587,
    "pa_set-in-sleeve": 1.7983148557397126,
    "pa_short-rows": 10.240379779287144,
    "pa_short-sleeve": 3.7216448964080726,
    "pa_sideways": 1.252596146775502,
    "pa_sleeves": 1.6661410006559016,
    "pa_slipped-stitches": 2.63622588189187,
    "pa_smocked": 0.2182178902359924,
    "pa_square": 0.35355339059327373,
    "pa_steeks": 0.4588314677411235,
    "pa_straight": 3.4801912223449616,
    "pa_stranded": 12.574212452677953,
    "pa_stripes": 2.8484763295262066,
    "pa_stripes-colorwork": 9.667418367589214,
    "pa_surface-crochet": 0.23570226039551587,
    "pa_tall": 1.2555007237254188,
    "pa_teen": 11.285148602990311,
    "pa_textured": 8.317971615438964,
    "pa_three-needle-bind": 2.8419991097560917,
    "pa_tied": 0.45851441405707477,
    "pa_toddler": 0.4255318690087458,
    "pa_toe-up": 0.3333333333333333,
    "pa_top-cuff-down": 1.0,
    "pa_top-down": 21.313282948276417,
    "pa_triangle-shaped": 4.007959278113605,
    "pa_turtleneck": 0.20412414523193154,
    "pa_twisted-stitches": 1.9603539499007199,
    "pa_unisex": 14.040201986446071,
    "pa_v-neck": 1.6182670785422983,
    "pa_video-tutorial": 2.178431875792957,
    "pa_waist": 3.7404776658096535,
    "pa_worked-flat": 20.378015467031723,
    "pa_wrap": 0.45851441405707477,
    "pa_written-pattern": 40.148866865571875,
    "pc_accessories": 21.515661152712795,
    "pc_animal": 0.7862127634730902,
    "pc_bag": 0.22941573387056174,
    "pc_beanie-toque": 2.416082204685508,
    "pc_booties": 0.3333333333333333,
    "pc_cardigan": 1.0724540213978284,
    "pc_clothing": 26.915702721398546,
    "pc_cowl": 1.2439898767936661,
    "pc_doll": 0.3779644730092272,
    "pc_feet-legs": 1.3333333333333333,
    "pc_fingerless": 0.6106834314459479,
    "pc_hands": 2.6056763255113253,
    "pc_hat": 2.416082204685508,
    "pc_home": 0.7315178636025009,
    "pc_mid-calf": 1.0,
    "pc_mittens": 1.9949928940653772,
    "pc_neck-torso": 14.931153555312063,
    "pc_pillow": 0.7315178636025009,
    "pc_pullover": 19.428289254331503,
    "pc_purse": 0.22941573387056174,
    "pc_scarf": 1.4412189230868466,
    "pc_shawl-wrap": 12.245944755431552,
    "pc_sleeveless-top": 2.1992757696429193,
    "pc_socks": 1.0,
    "pc_softies": 1.1641772364823173,
    "pc_sweater": 20.50074327572933,
    "pc_tee": 4.215683676026297,
    "pc_tops": 6.414959445669215,
    "pc_toysandhobbies": 1.1641772364823173,
    "yarn_id_Aran": 4.492849968211853,
    "yarn_id_Bulky": 3.0306572562223986,
    "yarn_id_DK": 10.809121318585031,
    "yarn_id_Fingering": 20.36466259282289,
    "yarn_id_Lace": 2.5935250044518128,
    "yarn_id_Light-Fingering": 2.1989263218343362,
    "yarn_id_None": 0.3779644730092272,
    "yarn_id_Sport": 3.407982791892784,
    "yarn_id_Super-Bulky": 0.35355339059327373,
    "yarn_id_Worsted": 2.697815856572552
}