{"pa_3-4-sleeve": 1.7330190264411487, "pa_3-dimensional": 0.7862127634730902, "pa_Intarsia": 2.1351044513592896, "pa_Shetland": 0.7282378854318489, "pa_adult": 31.43707476097982, "pa_afterthought-pocket": 0.23570226039551587, "pa_aline": 1.7351376052018874, "pa_amigurumi": 0.3779644730092272, "pa_appliqued": 0.6255432421712244, "pa_asymmetric": 1.5612385803482762, "pa_baby": 0.7588652023420791, "pa_ballet-neck": 0.8629556129730549, "pa_beads": 1.3363062095621219, "pa_bias": 0.6976336241065542, "pa_boat-neck": 2.0542766887114667, "pa_bobble-or-popcorn": 0.2672612419124244, "pa_bottom-up": 14.517346852482214, "pa_bracelet-sleeve": 0.8729158626938447, "pa_brioche-tuck": 3.337717184833733, "pa_buttoned": 0.4661424227863119, "pa_buttonholes": 0.22360679774997896, "pa_cables": 3.219698708363498, "pa_cap-sleeve": 1.7896939045459144, "pa_chart": 24.67822254881216, "pa_child": 2.6492739120085593, "pa_circle-shaped": 0.5547001962252291, "pa_circular-yoke": 10.34910784121458, "pa_collar": 1.1296518609910604, "pa_contiguous": 0.8491500399212033, "pa_corrugated-ribbing": 0.7282378854318489, "pa_crescent-shape": 4.32729204214586, "pa_crew-neck": 7.059064583292543, "pa_cropped": 2.8846807132860555, "pa_cuffed-sleeve": 1.5799998616074418, "pa_danish": 0.19245008972987526, "pa_dolman-sleeve": 0.7517205708844794, "pa_drop-sleeve": 1.1749956864046742, "pa_dropped-stitches": 1.0754509424451957, "pa_elbow-sleeve": 0.9208502269358976, "pa_embroidery": 0.2672612419124244, "pa_estonian": 0.21320071635561041, "pa_eyelets": 5.5075466915545395, "pa_fairisle": 0.6329236492437734, "pa_female": 21.12517426781306, "pa_fitted": 7.567360931173519, "pa_flutter-sleeve": 0.45431502488534514, "pa_front-fastening": 0.20851441405707477, "pa_funnel-neck": 0.4651179942660776, "pa_gathers": 0.20851441405707477, "pa_gusset": 1.706317759470564, "pa_halfcircle-shape": 1.6358413819655724, "pa_hems": 0.45302253162054074, "pa_hidden-pocket": 0.23570226039551587, "pa_icelandic": 1.9575756318033717, "pa_icord": 2.969815390957396, "pa_icord-edging": 2.043258466572132, "pa_in-the-round": 25.213555810536455, "pa_kitchener": 3.949086327358417, "pa_lace": 12.214635003073955, "pa_lace-edging": 0.8208868497528694, "pa_long-sleeve": 6.583095384665803, "pa_male": 4.178801632894206, "pa_mature": 0.3779644730092272, "pa_mesh": 1.5433065850688679, "pa_modular": 2.485751255586887, "pa_mosaic": 0.24253562503633297, "pa_negative-ease": 4.486526181705065, "pa_no-ease": 3.868893014612025, "pa_norwegian": 1.3839497676038526, "pa_one-piece": 19.6697924293081, "pa_other-colorwork": 3.677744484195636, "pa_other-edging": 1.2460475759339162, "pa_oversized": 2.459033471736613, "pa_pattern-recipe": 0.7183112810058321, "pa_petite": 1.716919009157594, "pa_phototutorial": 3.281652332133383, "pa_picots": 1.7389271686864514, "pa_placeholder": 0.19611613513818404, "pa_plus": 5.5624775883052, "pa_positive-ease": 10.266939780142376, "pa_provisional": 2.3410920108252147, "pa_puffed-sleeve": 0.657417390808201, "pa_racerback": 0.6123724356957946, "pa_raglan-sleeve": 2.7080670783321756, "pa_reversible": 3.6249268224864952, "pa_ribbed": 6.195889194475872, "pa_ripple": 0.24253562503633297, "pa_rolled": 0.22941573387056174, "pa_saddle-shoulder": 0.47360679774997894, "pa_schematic": 15.174081439592634, "pa_scoop-neck": 2.099270358954214, "pa_seamed": 4.939234619699294, "pa_seamless": 29.10819907094041, "pa_selvedge": 0.7233168840132387, "pa_set-in-pocket": 0.23570226039551587, "pa_set-in-sleeve": 1.7983148557397128, "pa_short-rows": 10.00467751889163, "pa_short-sleeve": 3.277428221955482, "pa_sideways": 1.252596146775502, "pa_sleeves": 1.4576265865988265, "pa_slipped-stitches": 2.4277114678347953, "pa_smocked": 0.2182178902359924, "pa_square": 0.35355339059327373, "pa_steeks": 0.4588314677411235, "pa_straight": 3.244488961949445, "pa_stranded": 12.574212452677955, "pa_stripes": 2.8484763295262066, "pa_stripes-colorwork": 9.667418367589214, "pa_surface-crochet": 0.23570226039551587, "pa_tall": 1.255500723725419, "pa_teen": 11.076634188933237, "pa_textured": 8.10945720138189, "pa_three-needle-bind": 2.1380789591245835, "pa_tied": 0.20851441405707477, "pa_toddler": 0.4255318690087458, "pa_toe-up": 0.3333333333333333, "pa_top-cuff-down": 1.0, "pa_top-down": 21.10476853421934, "pa_triangle-shaped": 4.007959278113604, "pa_turtleneck": 0.20412414523193154, "pa_twisted-stitches": 1.9603539499007199, "pa_unisex": 13.82198409621008, "pa_v-neck": 1.4000491883063058, "pa_video-tutorial": 1.9699174617358821, "pa_waist": 3.740477665809654, "pa_worked-flat": 19.892313206636207, "pa_wrap": 0.20851441405707477, "pa_written-pattern": 39.47213456127881, "pc_accessories": 21.515661152712795, "pc_animal": 0.7862127634730902, "pc_bag": 0.22941573387056174, "pc_beanie-toque": 2.416082204685508, "pc_booties": 0.3333333333333333, "pc_cardigan": 1.0724540213978284, "pc_clothing": 26.003268156709964, "pc_cowl": 1.2439898767936661, "pc_doll": 0.3779644730092272, "pc_feet-legs": 1.3333333333333333, "pc_fingerless": 0.6106834314459479, "pc_hands": 2.6056763255113253, "pc_hat": 2.416082204685508, "pc_home": 0.7315178636025009, "pc_mid-calf": 1.0, "pc_mittens": 1.9949928940653772, "pc_neck-torso": 14.931153555312065, "pc_pillow": 0.7315178636025009, "pc_pullover": 19.428289254331503, "pc_purse": 0.22941573387056174, "pc_scarf": 1.4412189230868466, "pc_shawl-wrap": 12.24594475543155, "pc_sleeveless-top": 1.7310578794069271, "pc_socks": 1.0, "pc_softies": 1.1641772364823173, "pc_sweater": 20.50074327572933, "pc_tee": 3.7714670015737055, "pc_tops": 5.502524880980633, "pc_toysandhobbies": 1.1641772364823173, "yarn_id_Aran": 4.492849968211852, "yarn_id_Bulky": 3.0306572562223986, "yarn_id_DK": 10.809121318585031, "yarn_id_Fingering": 19.906148178765818, "yarn_id_Lace": 2.5935250044518128, "yarn_id_Light-Fingering": 1.9807084315983436, "yarn_id_None": 0.3779644730092272, "yarn_id_Sport": 3.172280531497268, "yarn_id_Super-Bulky": 0.35355339059327373, "yarn_id_Worsted": 2.6978158565725514}